[
  {
    "value": "Coke",
    "synonyms": [
      "Coke",
      "coca cola",
      "pepsi"
    ]
  },
  {
    "value": "Sprite",
    "synonyms": [
      "Sprite",
      "seven up",
      "7 up"
    ]
  },
  {
    "value": "Root Beer",
    "synonyms": [
      "Root Beer",
      "barks",
      "barks root beer",
      "barqs"
    ]
  },
  {
    "value": "Iced Tea",
    "synonyms": [
      "Iced Tea",
      "cold tea",
      "nestea"
    ]
  },
  {
    "value": "Water",
    "synonyms": [
      "Water"
    ]
  }
]