[
  {
    "value": "Hamburger",
    "synonyms": [
      "Hamburger",
      "burger",
      "single",
      "plain burger"
    ]
  },
  {
    "value": "Cheeseburger",
    "synonyms": [
      "Cheeseburger",
      "cheeseburg",
      "a cheeseburger",
      "cheese burger"
    ]
  },
  {
    "value": "Super Chicken",
    "synonyms": [
      "Super Chicken",
      "chicken",
      "chicken sandwich"
    ]
  },
  {
    "value": "Fish Burger",
    "synonyms": [
      "Fish Burger",
      "fish sandwich",
      "fish filet",
      "fish"
    ]
  },
  {
    "value": "Veggie Burger",
    "synonyms": [
      "Veggie Burger",
      "vegetable sandwich",
      "vegetarian sandwich",
      "veggie sandwich"
    ]
  }
]