[
  {
    "id": "23469173-6f7b-46b9-abc9-3f7b7c44ba59",
    "data": [
      {
        "text": "Coke",
        "meta": "@drink",
        "alias": "drink",
        "userDefined": false
      }
    ],
    "isTemplate": false,
    "count": 0,
    "lang": "en",
    "updated": 0
  },
  {
    "id": "acc3dbee-8e3c-4040-86af-223ddd57833b",
    "data": [
      {
        "text": "Fries",
        "meta": "@side",
        "alias": "side",
        "userDefined": false
      }
    ],
    "isTemplate": false,
    "count": 0,
    "lang": "en",
    "updated": 0
  },
  {
    "id": "b4e04af7-4394-454f-bbe5-392ad1689f29",
    "data": [
      {
        "text": "I'd like to order a combo",
        "userDefined": false
      }
    ],
    "isTemplate": false,
    "count": 0,
    "lang": "en",
    "updated": 0
  },
  {
    "id": "92d5614e-5193-466e-b80f-e5f012944d42",
    "data": [
      {
        "text": "Hamburger",
        "meta": "@sandwich",
        "alias": "sandwich",
        "userDefined": false
      },
      {
        "text": "with",
        "userDefined": false
      },
      {
        "text": "fry",
        "meta": "@side",
        "alias": "side",
        "userDefined": false
      },
      {
        "text": "and a",
        "userDefined": false
      },
      {
        "text": "coca cola",
        "meta": "@drink",
        "alias": "drink",
        "userDefined": false
      }
    ],
    "isTemplate": false,
    "count": 0,
    "lang": "en",
    "updated": 0
  },
  {
    "id": "13381db2-0efd-48a9-81c6-f8fbab78990e",
    "data": [
      {
        "text": "need a",
        "userDefined": false
      },
      {
        "text": "burger",
        "meta": "@sandwich",
        "alias": "sandwich",
        "userDefined": false
      },
      {
        "text": "and a",
        "userDefined": false
      },
      {
        "text": "a fries",
        "meta": "@side",
        "alias": "side",
        "userDefined": false
      },
      {
        "text": "and a",
        "userDefined": false
      },
      {
        "text": "pepsi",
        "meta": "@drink",
        "alias": "drink",
        "userDefined": false
      }
    ],
    "isTemplate": false,
    "count": 0,
    "lang": "en",
    "updated": 0
  },
  {
    "id": "513a1ca2-5d42-4125-8408-f921407f2f1e",
    "data": [
      {
        "text": "My order is",
        "userDefined": false
      },
      {
        "text": "single",
        "meta": "@sandwich",
        "alias": "sandwich",
        "userDefined": false
      }
    ],
    "isTemplate": false,
    "count": 0,
    "lang": "en",
    "updated": 0
  },
  {
    "id": "75dbbedd-0356-48ed-9edc-d64e5202e9a2",
    "data": [
      {
        "text": "I want a",
        "userDefined": false
      },
      {
        "text": "plain burger",
        "meta": "@sandwich",
        "alias": "sandwich",
        "userDefined": false
      },
      {
        "text": "with",
        "userDefined": false
      },
      {
        "text": "Sprite",
        "meta": "@drink",
        "alias": "drink",
        "userDefined": false
      }
    ],
    "isTemplate": false,
    "count": 0,
    "lang": "en",
    "updated": 0
  },
  {
    "id": "4cc74cf2-68f2-4485-b11c-563fca64901b",
    "data": [
      {
        "text": "Cheeseburger",
        "meta": "@sandwich",
        "alias": "sandwich",
        "userDefined": false
      },
      {
        "text": "please",
        "userDefined": false
      }
    ],
    "isTemplate": false,
    "count": 0,
    "lang": "en",
    "updated": 0
  },
  {
    "id": "83d75ef2-a626-4e5c-a3b1-ee4dde4cb9da",
    "data": [
      {
        "text": "cheeseburg",
        "meta": "@sandwich",
        "alias": "sandwich",
        "userDefined": false
      }
    ],
    "isTemplate": false,
    "count": 0,
    "lang": "en",
    "updated": 0
  },
  {
    "id": "b8164b66-8d9d-456a-ac8b-797b9730a590",
    "data": [
      {
        "text": "Give me a",
        "userDefined": false
      },
      {
        "text": "a cheeseburger",
        "meta": "@sandwich",
        "alias": "sandwich",
        "userDefined": false
      },
      {
        "text": "and",
        "userDefined": false
      },
      {
        "text": "some fries",
        "meta": "@side",
        "alias": "side",
        "userDefined": false
      }
    ],
    "isTemplate": false,
    "count": 0,
    "lang": "en",
    "updated": 0
  },
  {
    "id": "5dd54ff9-393b-4b9b-b179-99726a8b3ec8",
    "data": [
      {
        "text": "I'd like to order a",
        "userDefined": false
      },
      {
        "text": "cheese burger",
        "meta": "@sandwich",
        "alias": "sandwich",
        "userDefined": false
      },
      {
        "text": "with",
        "userDefined": false
      },
      {
        "text": "french fries",
        "meta": "@side",
        "alias": "side",
        "userDefined": false
      },
      {
        "text": "and a",
        "userDefined": false
      },
      {
        "text": "seven up",
        "meta": "@drink",
        "alias": "drink",
        "userDefined": false
      }
    ],
    "isTemplate": false,
    "count": 0,
    "lang": "en",
    "updated": 0
  },
  {
    "id": "df3d0226-e4bc-4961-9a4f-92836901b9f1",
    "data": [
      {
        "text": "Super Chicken",
        "meta": "@sandwich",
        "alias": "sandwich",
        "userDefined": false
      },
      {
        "text": "with",
        "userDefined": false
      },
      {
        "text": "Poutine",
        "meta": "@side",
        "alias": "side",
        "userDefined": false
      },
      {
        "text": "and a",
        "userDefined": false
      },
      {
        "text": "7 up",
        "meta": "@drink",
        "alias": "drink",
        "userDefined": false
      }
    ],
    "isTemplate": false,
    "count": 0,
    "lang": "en",
    "updated": 0
  },
  {
    "id": "a3c285f7-c20c-439f-be37-addaafca9055",
    "data": [
      {
        "text": "need a",
        "userDefined": false
      },
      {
        "text": "chicken",
        "meta": "@sandwich",
        "alias": "sandwich",
        "userDefined": false
      },
      {
        "text": "and a",
        "userDefined": false
      },
      {
        "text": "gravy",
        "meta": "@side",
        "alias": "side",
        "userDefined": false
      },
      {
        "text": "and a",
        "userDefined": false
      },
      {
        "text": "Root Beer",
        "meta": "@drink",
        "alias": "drink",
        "userDefined": false
      }
    ],
    "isTemplate": false,
    "count": 0,
    "lang": "en",
    "updated": 0
  },
  {
    "id": "45a8a233-b560-466f-8e2f-f29e996a0264",
    "data": [
      {
        "text": "I want a",
        "userDefined": false
      },
      {
        "text": "chicken sandwich",
        "meta": "@sandwich",
        "alias": "sandwich",
        "userDefined": false
      },
      {
        "text": "with",
        "userDefined": false
      },
      {
        "text": "barks",
        "meta": "@drink",
        "alias": "drink",
        "userDefined": false
      }
    ],
    "isTemplate": false,
    "count": 0,
    "lang": "en",
    "updated": 0
  },
  {
    "id": "8426d2e0-7695-47d0-8dd3-1dec519461b7",
    "data": [
      {
        "text": "I'd like to order a",
        "userDefined": false
      },
      {
        "text": "Fish Burger",
        "meta": "@sandwich",
        "alias": "sandwich",
        "userDefined": false
      },
      {
        "text": "with",
        "userDefined": false
      },
      {
        "text": "fries and gravy",
        "meta": "@side",
        "alias": "side",
        "userDefined": false
      },
      {
        "text": "and a",
        "userDefined": false
      },
      {
        "text": "barks root beer",
        "meta": "@drink",
        "alias": "drink",
        "userDefined": false
      }
    ],
    "isTemplate": false,
    "count": 0,
    "lang": "en",
    "updated": 0
  },
  {
    "id": "5d7f4d33-4480-444f-ac3f-ed14a3616fd7",
    "data": [
      {
        "text": "barqs",
        "meta": "@drink",
        "alias": "drink",
        "userDefined": false
      }
    ],
    "isTemplate": false,
    "count": 0,
    "lang": "en",
    "updated": 0
  },
  {
    "id": "e006493f-6768-4b1b-b125-acafdd62a986",
    "data": [
      {
        "text": "fish sandwich",
        "meta": "@sandwich",
        "alias": "sandwich",
        "userDefined": false
      },
      {
        "text": "with",
        "userDefined": false
      },
      {
        "text": "Onion Rings",
        "meta": "@side",
        "alias": "side",
        "userDefined": false
      },
      {
        "text": "and a",
        "userDefined": false
      },
      {
        "text": "Iced Tea",
        "meta": "@drink",
        "alias": "drink",
        "userDefined": false
      }
    ],
    "isTemplate": false,
    "count": 0,
    "lang": "en",
    "updated": 0
  },
  {
    "id": "c2cff94e-41c3-44bc-9753-c4944fc23bcf",
    "data": [
      {
        "text": "need a",
        "userDefined": false
      },
      {
        "text": "fish filet",
        "meta": "@sandwich",
        "alias": "sandwich",
        "userDefined": false
      },
      {
        "text": "and a",
        "userDefined": false
      },
      {
        "text": "onion",
        "meta": "@side",
        "alias": "side",
        "userDefined": false
      },
      {
        "text": "and a",
        "userDefined": false
      },
      {
        "text": "cold tea",
        "meta": "@drink",
        "alias": "drink",
        "userDefined": false
      }
    ],
    "isTemplate": false,
    "count": 0,
    "lang": "en",
    "updated": 0
  },
  {
    "id": "5f6e35ea-8756-4cf2-bef1-0ae778bcdf2a",
    "data": [
      {
        "text": "I want a",
        "userDefined": false
      },
      {
        "text": "fish",
        "meta": "@sandwich",
        "alias": "sandwich",
        "userDefined": false
      },
      {
        "text": "with",
        "userDefined": false
      },
      {
        "text": "nestea",
        "meta": "@drink",
        "alias": "drink",
        "userDefined": false
      }
    ],
    "isTemplate": false,
    "count": 0,
    "lang": "en",
    "updated": 0
  },
  {
    "id": "a9731f7a-6761-47ee-9573-b9c702265ab9",
    "data": [
      {
        "text": "I'd like to order a",
        "userDefined": false
      },
      {
        "text": "Veggie Burger",
        "meta": "@sandwich",
        "alias": "sandwich",
        "userDefined": false
      },
      {
        "text": "with",
        "userDefined": false
      },
      {
        "text": "rings",
        "meta": "@side",
        "alias": "side",
        "userDefined": false
      },
      {
        "text": "and a",
        "userDefined": false
      },
      {
        "text": "Water",
        "meta": "@drink",
        "alias": "drink",
        "userDefined": false
      }
    ],
    "isTemplate": false,
    "count": 0,
    "lang": "en",
    "updated": 0
  },
  {
    "id": "0d96bab9-17ca-4cab-803c-03c3edbff66b",
    "data": [
      {
        "text": "onions",
        "meta": "@side",
        "alias": "side",
        "userDefined": false
      }
    ],
    "isTemplate": false,
    "count": 0,
    "lang": "en",
    "updated": 0
  },
  {
    "id": "d7f6462b-30c6-4568-a075-ee14947b4a58",
    "data": [
      {
        "text": "vegetable sandwich",
        "meta": "@sandwich",
        "alias": "sandwich",
        "userDefined": false
      },
      {
        "text": "with",
        "userDefined": false
      },
      {
        "text": "Salad",
        "meta": "@side",
        "alias": "side",
        "userDefined": false
      },
      {
        "text": "and a",
        "userDefined": false
      },
      {
        "text": "Coke",
        "meta": "@drink",
        "alias": "drink",
        "userDefined": false
      }
    ],
    "isTemplate": false,
    "count": 0,
    "lang": "en",
    "updated": 0
  }
]